Category,Category Clean,Keyword,Keyword Clean
Green Energy,green energy,Renewable energy,renewable energy
Green Energy,green energy,Solar power,solar power
Green Energy,green energy,Wind energy,wind energy
Green Energy,green energy,Hydropower,hydropower
Green Energy,green energy,Bioenergy,bioenergy
Green Energy,green energy,Geothermal,geothermal
Green Energy,green energy,Energy storage,energy storage
Green Energy,green energy,Smart grids,smart grids
Green Energy,green energy,Microgrids,microgrids
Green Energy,green energy,Decarbonization,decarbonization
Green Energy,green energy,Carbon capture,carbon capture
Green Energy,green energy,Green hydrogen,green hydrogen
Green Energy,green energy,Energy efficiency,energy efficiency
Green Energy,green energy,Offshore wind,offshore wind
Green Energy,green energy,Grid modernization,grid modernization
Green Energy,green energy,Electrification,electrification
Green Technology & Innovation,"green technology,innovation",Clean technology,clean technology
Green Technology & Innovation,"green technology,innovation",Circular economy,circular economy
Green Technology & Innovation,"green technology,innovation",Climate tech,climate tech
Green Technology & Innovation,"green technology,innovation",Green infrastructure,green infrastructure
Green Technology & Innovation,"green technology,innovation",Sustainable materials,sustainable materials
Green Technology & Innovation,"green technology,innovation",Carbon footprint,carbon footprint
Green Technology & Innovation,"green technology,innovation",Zero emissions,zero emissions
Green Technology & Innovation,"green technology,innovation",Green finance,green finance
Green Technology & Innovation,"green technology,innovation",Climate resilience,climate resilience
Green Technology & Innovation,"green technology,innovation",Environmental monitoring,environmental monitoring
Green Technology & Innovation,"green technology,innovation",Sustainable transportation,sustainable transportation
Green Technology & Innovation,"green technology,innovation",Energy transition,energy transition
Green Technology & Innovation,"green technology,innovation",Eco-friendly housing,eco-friendly housing
Green Technology & Innovation,"green technology,innovation",Smart cities,smart cities
Green Technology & Innovation,"green technology,innovation",Carbon-neutral buildings,carbon-neutral buildings
Green Technology & Innovation,"green technology,innovation",Energy audit,energy audit
Green Technology & Innovation,"green technology,innovation",Low-carbon technologies,low-carbon technologies
Agritech,agritech,Precision agriculture,precision agriculture
Agritech,agritech,Vertical farming,vertical farming
Agritech,agritech,Hydroponics,hydroponics
Agritech,agritech,Aeroponics,aeroponics
Agritech,agritech,Smart farming,smart farming
Agritech,agritech,Agroforestry,agroforestry
Agritech,agritech,Regenerative agriculture,regenerative agriculture
Agritech,agritech,Permaculture,permaculture
Agritech,agritech,Organic farming,organic farming
Agritech,agritech,Food security,food security
Agritech,agritech,Soil health,soil health
Agritech,agritech,Crop diversification,crop diversification
Agritech,agritech,Farm automation,farm automation
Agritech,agritech,Climate-smart agriculture,climate-smart agriculture
Agritech,agritech,Sustainable irrigation,sustainable irrigation
Agritech,agritech,Agribusiness,agribusiness
Agritech,agritech,Genetically modified crops,genetically modified crops
Agritech,agritech,Biopesticides,biopesticides
Agritech,agritech,Livestock management,livestock management
Agritech,agritech,Agri-robotics,agri-robotics
Rural Revitalization,rural revitalization,Rural economy,rural economy
Rural Revitalization,rural revitalization,Rural innovation,rural innovation
Rural Revitalization,rural revitalization,Community-led development,community-led development
Rural Revitalization,rural revitalization,Sustainable tourism,sustainable tourism
Rural Revitalization,rural revitalization,Rural broadband,rural broadband
Rural Revitalization,rural revitalization,Remote work,remote work
Rural Revitalization,rural revitalization,Smart villages,smart villages
Rural Revitalization,rural revitalization,Eco-tourism,eco-tourism
Rural Revitalization,rural revitalization,Rural exodus,rural exodus
Rural Revitalization,rural revitalization,Digital divide,digital divide
Rural Revitalization,rural revitalization,Infrastructure investment,infrastructure investment
Rural Revitalization,rural revitalization,Public-private partnerships,public-private partnerships
Rural Revitalization,rural revitalization,Agritourism,agritourism
Rural Revitalization,rural revitalization,Local entrepreneurship,local entrepreneurship
Rural Revitalization,rural revitalization,Rural resilience,rural resilience
Rural Revitalization,rural revitalization,Rural infrastructure,rural infrastructure
Rural Revitalization,rural revitalization,Rural healthcare,rural healthcare
Rural Revitalization,rural revitalization,Co-working spaces,co-working spaces
Startup Hubs & Entrepreneurship,"startup hubs,entrepreneurship",Startup ecosystems,startup ecosystems
Startup Hubs & Entrepreneurship,"startup hubs,entrepreneurship",Innovation hubs,innovation hubs
Startup Hubs & Entrepreneurship,"startup hubs,entrepreneurship",Social entrepreneurship,social entrepreneurship
Startup Hubs & Entrepreneurship,"startup hubs,entrepreneurship",Impact investment,impact investment
Startup Hubs & Entrepreneurship,"startup hubs,entrepreneurship",Venture capital,venture capital
Startup Hubs & Entrepreneurship,"startup hubs,entrepreneurship",Incubators,incubators
Startup Hubs & Entrepreneurship,"startup hubs,entrepreneurship",Accelerators,accelerators
Startup Hubs & Entrepreneurship,"startup hubs,entrepreneurship",Seed funding,seed funding
Startup Hubs & Entrepreneurship,"startup hubs,entrepreneurship",Tech clusters,tech clusters
Startup Hubs & Entrepreneurship,"startup hubs,entrepreneurship",Disruptive innovation,disruptive innovation
Startup Hubs & Entrepreneurship,"startup hubs,entrepreneurship",Entrepreneurship ecosystem,entrepreneurship ecosystem
Startup Hubs & Entrepreneurship,"startup hubs,entrepreneurship",Scale-up,scale-up
Startup Hubs & Entrepreneurship,"startup hubs,entrepreneurship",Unicorn startups,unicorn startups
Startup Hubs & Entrepreneurship,"startup hubs,entrepreneurship",Sustainable startups,sustainable startups
Startup Hubs & Entrepreneurship,"startup hubs,entrepreneurship",Circular startups,circular startups
Startup Hubs & Entrepreneurship,"startup hubs,entrepreneurship",Cleantech startups,cleantech startups
Startup Hubs & Entrepreneurship,"startup hubs,entrepreneurship",Green startups,green startups
Foreign Entrepreneurs,foreign entrepreneurs,Immigration policy,immigration policy
Foreign Entrepreneurs,foreign entrepreneurs,Skilled immigration,skilled immigration
Foreign Entrepreneurs,foreign entrepreneurs,Entrepreneur visas,entrepreneur visas
Foreign Entrepreneurs,foreign entrepreneurs,Foreign investment,foreign investment
Foreign Entrepreneurs,foreign entrepreneurs,Cross-border entrepreneurship,cross-border entrepreneurship
Foreign Entrepreneurs,foreign entrepreneurs,Urban-rural migration,urban-rural migration
Foreign Entrepreneurs,foreign entrepreneurs,Talent attraction,talent attraction
Foreign Entrepreneurs,foreign entrepreneurs,Multicultural entrepreneurship,multicultural entrepreneurship
Foreign Entrepreneurs,foreign entrepreneurs,Global workforce,global workforce
Foreign Entrepreneurs,foreign entrepreneurs,Cultural integration,cultural integration
Foreign Entrepreneurs,foreign entrepreneurs,Diaspora entrepreneurship,diaspora entrepreneurship
Foreign Entrepreneurs,foreign entrepreneurs,International collaboration,international collaboration