category,term,title,link,formattedUrl,snippet,publishedDate,scrapeDate,post_general,post_x
green energy,geothermal,"Geothermal Power Market Insights: Size, Share, Growth",https://www.openpr.com/news/3668557/geothermal-power-market-insights-size-share-growth,https://www.openpr.com/.../geothermal-power-market-insights-size-share-g...,"4 days ago ... ... Energy Development, Comisi√≥n Federal de Electricidad - published on ... Japan: Geothermal Power Market Power Plants, Regulations and Company Profiles 20 ‚Ä¶",2024-09-26 09:58:14,2024-09-30 16:18:55,"The global geothermal power market is booming, with Japan being a key player. This report dives into the market size, share, and growth projections, highlighting the potential of geothermal energy.  At Inaka LABS, we believe the real magic lies in harnessing this power not just for large-scale electricity generation, but also for local communities. Imagine rural villages powered by their own geothermal resources, creating sustainable jobs and fostering economic independence.  We're excited to be at the forefront of this movement, building rural startup hubs that empower local entrepreneurs to develop innovative geothermal solutions.  Join us in shaping the future of rural Japan! #GeothermalEnergy #RenewableEnergy #RuralDevelopment #Japan #Sustainability #inakaLABS","Forget fossil fuels, geothermal energy is the future of sustainable power!  Let's unlock the potential of Japan's geothermal resources and lead the way in clean energy innovation. #GeothermalEnergy #RenewableEnergy #Japan #inakaLABS"
green energy,geothermal,Denmark Power Market Growth Trends Analysis and Dynamic ...,https://www.openpr.com/news/3665799/denmark-power-market-growth-trends-analysis-and-dynamic-demand,https://www.openpr.com/.../denmark-power-market-growth-trends-analysis...,"6 days ago ... The power market is a dynamic and evolving sector, driven by the growing energy demands and efforts to diversify its energy mix. ... Japan: Geothermal Power¬†...",2024-09-24 13:03:59,2024-09-30 16:19:05,"Denmark's power market is booming, fueled by rising energy demands and a push for diverse energy sources. This is a global trend, and Japan, with its vast geothermal potential, is uniquely positioned to capitalize on this shift.  Inaka LABS is leading the charge by empowering rural communities to become hubs of innovation and entrepreneurship in the renewable energy sector. We believe that by harnessing local resources and talent, Japan can not only achieve energy independence but also revitalize its rural areas.  Join us in building a sustainable future for Japan! #renewableenergy #geothermalenergy #ruraldevelopment #japan #innovation #entrepreneurship #inakaLABS","Forget windmills and solar panels, geothermal is the future of energy!  Let's tap into Japan's geothermal potential and power up rural communities.  #geothermalenergy #renewableenergy #ruraljapan #inakaLABS"
green energy,geothermal,New Horizons in Power Plant Operations and Maintenance Service,https://www.openpr.com/news/3672832/new-horizons-in-power-plant-operations-and-maintenance-service,https://www.openpr.com/.../new-horizons-in-power-plant-operations-and-m...,"4 hours ago ... ... Energy Group Limited, Energy Handle, Fortum - published on openPR ... Japan: Geothermal Power Market Power Plants, Regulations and Company Profiles 20 ‚Ä¶",2024-09-30 14:04:15,2024-09-30 16:19:16,"The Japanese geothermal power market is booming, with companies like Energy Group Limited, Energy Handle, and Fortum leading the charge. This growth is driven by a combination of factors, including increasing demand for renewable energy and government incentives. However, the industry faces challenges, including the need for skilled workers and efficient maintenance practices.
Here at Inaka LABS, we believe that rural Japan is the perfect location for developing innovative solutions to these challenges. Our approach focuses on leveraging local expertise and resources to create sustainable and efficient power plant operations and maintenance services. We are committed to empowering rural communities and fostering economic growth through the development of cutting-edge technology and entrepreneurial spirit.
Join us in shaping the future of renewable energy in Japan! Connect with us to learn more about our initiatives and how you can get involved. #geothermalenergy #renewableenergy #japan #ruraldevelopment #innovation #entrepreneurship #inakaLABS",Tired of the same old power plant maintenance? ü§Ø  Inaka LABS is revolutionizing the industry with innovative solutions for rural Japan!  Join us and be part of the future of energy! #powerplants #renewableenergy #ruraljapan #inakaLABS
green energy,geothermal,"Virtual Power Plant Market Trends, Share, Size, Growth,",https://www.openpr.com/news/3668318/virtual-power-plant-market-trends-share-size-growth,https://www.openpr.com/.../virtual-power-plant-market-trends-share-size-gr...,"4 days ago ... ... Energy, Schneider Electric - published on openPR ... Japan: Geothermal Power Market Power Plants, Regulations and Company Profiles 20 ‚Ä¶",2024-09-26 08:03:48,2024-09-30 16:19:27,"The virtual power plant (VPP) market is booming, with a projected growth rate of 20% annually. VPPs are revolutionizing the energy landscape by aggregating distributed energy resources like solar panels and batteries, creating a virtual power plant that can respond to demand fluctuations in real-time. This is a game-changer for energy efficiency and grid stability.  Inaka LABS is taking this concept to the next level by focusing on rural communities in Japan. We believe that VPPs can empower rural areas by creating local energy independence, attracting new businesses, and revitalizing economies.  Join us in building a sustainable future for rural Japan! #VPP #RenewableEnergy #RuralDevelopment #Japan #Innovation #inakaLABS","Forget fossil fuels, Japan's future is bright with virtual power plants! ‚ö°Ô∏è  Let's harness the power of renewable energy and create a sustainable future for rural communities.  #virtualpowerplants #renewableenergy #japan #inakaLABS"
green energy,geothermal,"Portable Power Station Market Size, Share, Growth Insights",https://www.openpr.com/news/3667407/portable-power-station-market-size-share-growth-insights,https://www.openpr.com/.../portable-power-station-market-size-share-growt...,"5 days ago ... ... Energy, EcoFlow, ChargeTech - published on openPR ... Japan: Geothermal Power Market Power Plants, Regulations and Company Profiles 20 ‚Ä¶",2024-09-25 13:30:45,2024-09-30 16:19:38,"The portable power station market is booming, with companies like Jackery, Goal Zero, Bluetti, Anker, and EcoFlow leading the charge. This growth is driven by increased demand for reliable off-grid power solutions, especially in the wake of natural disasters and power outages. But here's the thing: while these companies are focusing on the global market, Inaka LABS is uniquely positioned to tap into the specific needs of rural Japan. We believe in empowering local communities with sustainable energy solutions, fostering innovation and economic growth in rural areas.  Join us in building a future where rural Japan thrives with clean, reliable power, and become a part of the #inakaLABS movement! #ruraljapan #renewableenergy #sustainabledevelopment #startup #innovation #futureofenergy #japan",Forget the hype around big city startups - the real innovation is happening in rural Japan! üáØüáµ  Let's harness the power of renewable energy and build a sustainable future for our communities.  #ruralinnovation #renewableenergy #japan #inakaLABS
green energy,geothermal,Intelligent Power Module Market is Predicted to Expand to 7.71,https://www.openpr.com/news/3666736/intelligent-power-module-market-is-predicted-to-expand-to-7-71,https://www.openpr.com/.../intelligent-power-module-market-is-predicted-t...,"5 days ago ... ... energy setups, and industrial automation. IPMs are small, dependable ... Japan: Geothermal Power Market Power Plants, Regulations and Company Profiles 20 ‚Ä¶",2024-09-25 07:51:03,2024-09-30 16:19:48,"The Intelligent Power Module (IPM) market is booming, projected to reach $7.71 billion by 2028! This growth is driven by increasing demand for efficient energy setups and industrial automation.  At Inaka LABS, we're not just watching this trend, we're actively shaping it. We believe rural Japan has the potential to become a global leader in IPM development, leveraging its expertise in precision engineering and renewable energy.  Imagine rural communities powering their own sustainable future with cutting-edge IPM technology.  Join us in building a brighter future for rural Japan - visit our website to learn more about our initiatives! #IPM #RenewableEnergy #RuralInnovation #Japan #FutureOfEnergy #inakaLABS","Forget fossil fuels, the future of energy is smart and efficient!  Join the #inakaLABS movement and help us build a sustainable future for rural Japan powered by #IPM technology. #renewableenergy #japaninnovation"
green energy,geothermal,"Power Plant Control System Market Growth Analysis: Trends,",https://www.openpr.com/news/3672557/power-plant-control-system-market-growth-analysis-trends,https://www.openpr.com/.../power-plant-control-system-market-growth-ana...,"5 hours ago ... ... energy sources, grid modernization initiatives. The power plant ... Japan: Geothermal Power Market Power Plants, Regulations and Company Profiles 20 ‚Ä¶",2024-09-30 13:01:58,2024-09-30 16:19:59,"The Power Plant Control System market is booming, driven by the shift towards renewable energy sources and grid modernization initiatives. This is a massive opportunity for innovation, but traditional approaches often struggle to keep up with the rapid pace of change. At Inaka LABS, we believe in a different approach: empowering rural communities to become hubs of innovation for the energy sector. Our network of rural startup hubs provides a unique environment for developing cutting-edge solutions, leveraging local expertise and resources to create a more sustainable and resilient energy future. Join us in building a future where rural Japan leads the way in energy innovation! #PowerPlantControlSystems #EnergyInnovation #RuralDevelopment #StartupHubs #inakaLABS",Tired of the same old energy solutions?  We're building the future of power with innovative rural startup hubs!  Join the movement and help us unlock the potential of rural Japan. #RenewableEnergy #PowerPlant #RuralInnovation #inakaLABS
green energy,geothermal,Intelligent Power Distribution Unit (PDU) Market [2024-2032],https://www.openpr.com/news/3671035/intelligent-power-distribution-unit-pdu-market-2024-2032,https://www.openpr.com/.../intelligent-power-distribution-unit-pdu-market-...,"3 days ago ... ... Energy], manufacturer data, including: price, revenue, gross margin ... Japan: Geothermal Power Market Power Plants, Regulations and Company Profiles 20 ‚Ä¶",2024-09-27 17:39:43,2024-09-30 16:20:09,"The Intelligent Power Distribution Unit (PDU) market is expected to grow significantly in the coming years, driven by increasing demand for reliable and efficient power management solutions.  This is great news for the energy sector, but we at Inaka LABS believe the real opportunity lies in leveraging these advancements to empower rural communities. Imagine PDUs integrated with renewable energy sources, creating microgrids that provide energy independence and resilience to remote areas. This is the future we're building - a future where rural Japan thrives on innovation and sustainability. Join us in shaping this future! #IntelligentPDU #EnergyInnovation #RuralDevelopment #Microgrids #Japan #inakaLABS","Tired of the same old PDUs?  We're building the future of power distribution with smart, sustainable solutions for rural Japan!  Join the #inakaLABS movement and help us power up the countryside! #ruraltech #energyinnovation #japan"
green energy,geothermal,How to Convert Watt Hours to Milliamp Hours (Wh to mAh) Introduced,https://www.openpr.com/news/3671112/how-to-convert-watt-hours-to-milliamp-hours-wh-to-mah-introduced,https://www.openpr.com/.../how-to-convert-watt-hours-to-milliamp-hours-...,"3 days ago ... ‚Ä¶ 01-04-2019 | Energy & Environment ¬∑ Premium Market Insights ¬∑ Japan: Geothermal Power Market Power Plants, Regulations and Company Profiles 20 ‚Ä¶ ""Geothermal¬†...",2024-09-27 20:14:02,2024-09-30 16:20:20,"Ever wondered how to convert watt hours (Wh) to milliamp hours (mAh)? It's a common question for anyone working with batteries and power consumption. While there are online calculators and formulas, they often feel complicated. At Inaka LABS, we believe in making technology accessible and empowering rural communities. That's why we're developing practical tools and resources to help people understand and utilize energy efficiently. Our approach is simple and intuitive, focusing on real-world applications rather than complex equations. We're building a network of rural startup hubs where innovators can collaborate and develop solutions that benefit their communities. Join us in building a sustainable future for rural Japan! #ruralinnovation #energyefficiency #startup #japan #inakaLABS",Tired of confusing battery specs?  We're simplifying the energy world with practical tools like this Wh to mAh converter!  Join us in building a future where rural Japan thrives on innovation. #ruraltech #energy #japan #inakaLABS
green energy,geothermal,"Apex Power Dialer: Affordable, Efficient Solutions",https://www.openpr.com/news/3671050/apex-power-dialer-affordable-efficient-solutions,https://www.openpr.com/.../apex-power-dialer-affordable-efficient-solution...,"3 days ago ... Image: https://www.getnews.info/wp-content/uploads/2024/09/1727207709.jpg Green ... Japan: Geothermal Power Market Power Plants, Regulations and Company Profiles¬†...",2024-09-27 17:56:04,2024-09-30 16:20:31,"Apex Power Dialer is a new affordable and efficient solution for businesses looking to streamline their sales and marketing efforts.  While many companies focus on complex, expensive solutions, Apex Power Dialer offers a simple, user-friendly approach that doesn't break the bank.  We believe in making powerful technology accessible to everyone, and Apex Power Dialer embodies that philosophy.  Ready to boost your sales and marketing efficiency without the hefty price tag?  Check out Apex Power Dialer today! #sales #marketing #technology #efficiency #affordable #japan #business #startup #innovation #inakaLABS","Tired of overpriced, clunky dialers? Apex Power Dialer is the affordable, efficient solution you've been waiting for!  Get your free trial today and see the difference! #powerdialer #salestech #businessgrowth #inakaLABS"
green energy,smart grids,„ÄåÈáèÂ≠ê„Ç≥„É≥„Éî„É•„Éº„Çø„ÅåÂàá„ÇäÊãì„Åè„Ç®„Éç„É´„ÇÆ„ÉºÈù©ÂëΩ„Å®Êú™Êù•ÊäÄË°ì„ÅÆÂèØËÉΩÊÄß ...,https://note.com/djracooon/n/n1d7d7b37fcb8,https://note.com/djracooon/n/n1d7d7b37fcb8,"6 days ago ... Collaboration with Smart Grids In Japan, smart grids are being introduced to balance energy demand and supply. Quantum technology can enhance the efficiency¬†...",,2024-09-30 16:20:42,"Quantum computing is poised to revolutionize energy production and distribution, with applications ranging from optimizing power grids to developing new energy sources.  While many focus on the technical aspects, Inaka LABS believes the real power lies in empowering rural communities to lead this revolution. By establishing rural startup hubs, we can foster innovation and entrepreneurship, allowing local talent to develop solutions tailored to their unique needs. This localized approach not only accelerates technological development but also creates economic opportunities and strengthens rural communities. Join us in building a future where rural Japan thrives at the forefront of the quantum revolution! #QuantumComputing #EnergyRevolution #RuralInnovation #StartupHubs #inakaLABS","Forget fossil fuels, quantum computing is the key to a sustainable energy future!  Join us at #inakaLABS to explore how this tech can revolutionize Japan's energy landscape. #quantumcomputing #energyrevolution #ruralinnovation"
"startup hubs,entrepreneurship",venture capital,History | Globis Capital Partners (GCP),https://www.globiscapital.co.jp/en/about/history,https://www.globiscapital.co.jp/en/about/history,"6 days ago ... We aim to make a positive impact on Japan's startup industry alongside entrepreneurs ... Japan Venture Capital Association (JVCA). Additionally, the words of¬†...",,2024-09-30 16:20:56,"Globis Capital Partners (GCP) is a venture capital firm focused on supporting Japanese startups. They're members of the Japan Venture Capital Association (JVCA) and aim to make a positive impact on the startup ecosystem.  While GCP's commitment to supporting startups is commendable, Inaka LABS believes in a more targeted approach. We focus on unleashing the potential of rural Japan by creating startup hubs that foster innovation and economic growth in underserved areas. We believe that by empowering rural communities, we can contribute to a more diverse and sustainable future for Japan.  Join us in building a brighter future for rural Japan! #ruralinnovation #startupjapan #futureofwork #inakaLABS",Tired of the same old VC rhetoric? GCP is actually making a difference in Japan's startup scene - check out their history and see for yourself! #startup #japan #vc #innovation #inakaLABS
"startup hubs,entrepreneurship",venture capital,Emulsion Flow Technologies Innovative Process Aims to Scale ...,https://www.jetro.go.jp/en/jgc/interviews/2024/8e94ba439fd39094.html,https://www.jetro.go.jp/en/jgc/interviews/2024/8e94ba439fd39094.html,"5 days ago ... ‚ÄúJAEA started an open innovation program and encouraged engineers to start a business,‚Äù said Yuriko Iida ... Japan Venture Capital Association in 2023, and were¬†...",,2024-09-30 16:21:07,"Emulsion Flow Technologies is making waves in Japan's tech scene with their innovative process for scaling up production. This startup, born from the Japan Atomic Energy Agency's (JAEA) open innovation program, is a prime example of how rural Japan is becoming a hotbed for groundbreaking ideas. We at Inaka LABS believe that this kind of entrepreneurial spirit, fueled by a collaborative approach and a focus on real-world solutions, is exactly what rural Japan needs to thrive.  We're excited to see how Emulsion Flow Technologies continues to grow and inspire others to join the movement towards a more vibrant and sustainable future for rural Japan.  Let's support these innovators and help them build a brighter future for rural communities! #ruralinnovation #japanesestartups #futureofjapan #inakaLABS","Forget Silicon Valley, the future of innovation is in rural Japan! üáØüáµ  Emulsion Flow Technologies is proving that groundbreaking tech can thrive outside the big cities.  Let's support these rural startups and unlock the potential of Japan's countryside! #ruralinnovation #startuplife #japaneconomy"
"startup hubs,entrepreneurship",venture capital,Future Venture Capital Investor Profile: Portfolio & Exits | PitchBook,https://pitchbook.com/profiles/investor/58802-41,https://pitchbook.com/profiles/investor/58802-41,4 days ago ... Trade Association. Japan Venture Capital Association (JVC). Primary Investor ... Industry Industry bar. Name Japan Startup Support Association. With. Exits.,,2024-09-30 16:21:18,"This PitchBook article dives into the profiles of venture capital investors, highlighting their portfolio companies and exit strategies. It's a valuable resource for anyone looking to understand the landscape of venture capital in Japan.  But here's the thing: while traditional VC models are important, Inaka LABS is taking a different approach. We're not just focused on exits, but on building sustainable rural communities through innovation and entrepreneurship. We believe in nurturing local talent and fostering a thriving ecosystem where startups can flourish and contribute to the long-term economic well-being of rural Japan.  Want to be part of this exciting journey?  Connect with us today and learn how you can contribute to the future of rural Japan! #venturecapital #ruraldevelopment #japan #innovation #entrepreneurship #inakaLABS","Tired of the same old VC playbook? We're building a new model for rural Japan, one that empowers local entrepreneurs and fuels sustainable growth. Join us and be part of the future! #ruralinnovation #japanstartup #venturecapital #inakaLABS"
"startup hubs,entrepreneurship",venture capital,"NEWSÔΩúUTEC-The University of Tokyo Edge Capital Partners Co., Ltd.",https://www.ut-ec.co.jp/english/2024/09,https://www.ut-ec.co.jp/english/2024/09,"3 days ago ... Tomotaka Goji, Managing Partner, CEO and President of UTEC, has been appointed as the Chairman of Japan Venture Capital Association (JVCA). ... We invested in¬†...",,2024-09-30 16:21:28,"UTEC, a leading venture capital firm, has appointed its CEO, Tomotaka Goji, as the Chairman of the Japan Venture Capital Association (JVCA). This is a significant move for the VC landscape in Japan, highlighting the growing importance of venture capital in driving innovation and economic growth. At Inaka LABS, we believe this appointment signifies a shift towards a more inclusive and collaborative approach to supporting startups, especially in rural areas. We're excited to see how this leadership change will foster a more supportive ecosystem for rural entrepreneurs, empowering them to leverage technology and innovation to revitalize their communities.  Let's work together to build a thriving future for rural Japan! #venturecapital #japan #innovation #ruraldevelopment #startup #entrepreneurship #inakaLABS",Forget the tired old VC model - UTEC is leading the charge for a new era of innovation in Japan!  Follow their lead and support the future of Japanese entrepreneurship! #JVCA #VC #Startup #Innovation #inakaLABS
"startup hubs,entrepreneurship",venture capital,FinTechÔΩú„Çπ„Éî„Éº„ÉÄ „Çπ„Çø„Éº„Éà„Ç¢„ÉÉ„ÉóÊÉÖÂ†±„É™„Çµ„Éº„ÉÅ,https://initial.inc/tags/fintech,https://initial.inc/tags/fintech,"5 days ago ... ... Japan Venture Capital Association (JVCA), in which we discuss startup funding trends in H1 2022 and their thoughts on what the future holds. The JVCA is an¬†...",,2024-09-30 16:21:39,"The Japan Venture Capital Association (JVCA) just released their report on startup funding trends in H1 2022, highlighting the continued growth of investment in the Japanese startup ecosystem. While this is great news, we at Inaka LABS believe that the real potential lies in harnessing this investment to revitalize rural Japan. We're not just talking about bringing tech to the countryside, we're talking about empowering rural communities to become hubs of innovation and entrepreneurship.  Join us in building a future where rural Japan thrives, not just survives, and contributes significantly to Japan's economic diversity and sustainability. #FinTech #StartupFunding #RuralInnovation #Japan #FutureOfWork #inakaLABS",Tired of the same old FinTech startups?  We're diving deep into the Japanese scene to find the real game-changers.  Join us as we explore the future of funding and discover the hidden gems! #FinTech #Japan #Startup #Innovation #inakaLABS
"startup hubs,entrepreneurship",venture capital,2023 Sustainability Report - Speaker Deck,https://speakerdeck.com/mpower_partners/2023-sustainability-report-en,https://speakerdeck.com/mpower_partners/2023-sustainability-report-en,8 hours ago ... ... startup ecosystem to identify ways to incorporate ESG factors into their planning and operations. ... 15 The Japan Venture Capital Association is a group of. more¬†...,,2024-09-30 16:21:49,"Inaka LABS is all about building a sustainable future for rural Japan, and this report from the Japan Venture Capital Association highlights the growing importance of ESG factors in the startup ecosystem. While traditional approaches often focus on urban centers, we believe that rural areas hold immense potential for sustainable development. Our approach at Inaka LABS is to empower rural communities with the tools and resources they need to become self-sufficient and innovative, fostering a thriving ecosystem of green businesses and social enterprises.  We're committed to creating a future where rural Japan is not just a part of the solution, but a leading force in sustainable development.  Join us in building a brighter future for rural Japan! #ESG #Sustainability #RuralDevelopment #StartupEcosystem #Japan #inakaLABS","Tired of the same old sustainability talk? We're building a rural startup ecosystem that puts ESG at the forefront, not just as an afterthought. Join us and be part of the change! #ruralinnovation #ESG #startup #japan #inakaLABS"
green energy,energy storage,Eku Energy breaks ground on 120 MWh battery storage project in ...,https://www.ess-news.com/2024/09/26/eku-energy-breaks-ground-on-120-mwh-battery-storage-project-in-japan/,https://www.ess-news.com/.../eku-energy-breaks-ground-on-120-mwh-batt...,"4 days ago ... London-headquartered Eku Energy has initiated the construction of the Hirohara Battery Energy Storage System (BESS) in Oh-Aza Hirohara, Miyazaki City,¬†...",2024-09-26T11:13:59+00:00,2024-09-30 16:22:01,"Eku Energy is building a massive 120 MWh battery storage project in Miyazaki City, Japan. This is a huge step towards a more sustainable and resilient energy future for the region.  At Inaka LABS, we're excited about this project because it shows the potential for rural areas to become leaders in renewable energy development. We believe that by supporting local entrepreneurs and fostering innovation, rural Japan can become a powerhouse for clean energy solutions.  Join us in building a brighter future for rural Japan - follow us for updates on exciting projects like this one! #renewableenergy #japan #ruraldevelopment #energystorage #inakaLABS","Tired of the same old energy solutions? ‚ö°Ô∏è Eku Energy is building a massive 120 MWh battery storage project in Miyazaki, Japan, proving that rural areas can be at the forefront of clean energy innovation!  Let's support this exciting project and unlock the potential of rural Japan"
"green technology,innovation",smart cities,Asia Pacific Smart Cities Market Size | Companies,https://www.visionresearchreports.com/asia-pacific-smart-cities-market/41621,https://www.visionresearchreports.com/asia-pacific-smart-cities.../41621,5 days ago ... ... green technologies and practices that reduce carbon footprints and promote a healthier urban ecosystem. ... Japan's smart cities market held a significant revenue¬†...,,2024-09-30 16:22:13,"The Asia Pacific Smart Cities Market is booming, driven by the adoption of green technologies and practices to create sustainable urban ecosystems. Japan's smart cities market is a key player in this growth, with a focus on innovation and technological advancements. At Inaka LABS, we believe the real potential lies in empowering rural communities to become the driving force behind this revolution. By leveraging technology and innovation, we can create thriving rural startup hubs, fostering economic growth and sustainability while preserving the unique character of rural Japan. Join us in building a future where rural areas are not just part of the smart cities movement, but leading the way! #smartcities #sustainability #ruraldevelopment #japan #innovation #entrepreneurship #inakaLABS","Forget Tokyo, the real innovation is happening in rural Japan! üáØüáµ  Join us at #inakaLABS and help build the future of smart living in our countryside. #smartcities #ruraljapan #techforgood"
"green technology,innovation",smart cities,Scandinavia Japan Sasakawa Foundation (SJSF) Japanese Studies ...,https://www.hhs.se/contentassets/81f4603a33364bc290f22a7a77551d7b/sjsf-conference-program-2024-tentative-sep-27.pdf,https://www.hhs.se/.../sjsf-conference-program-2024-tentative-sep-27.pdf,"3 days ago ... ‚ÄúDigitalization and green economy transition in EU and Japan: Smart Cities and Society 5.0 ... Bunji Izumi, Norwegian University of Science and Technology NTNU (¬†...",,2024-09-30 16:22:23,"The Scandinavia Japan Sasakawa Foundation (SJSF) is hosting a fascinating event exploring the intersection of digitalization, green economy transition, and Smart Cities in both the EU and Japan.  This is a crucial conversation, as we see the potential for these areas to drive innovation and sustainable development in both regions.  At Inaka LABS, we believe that rural Japan has a unique opportunity to be a leader in this space, leveraging its natural resources and strong community ties to build truly sustainable and resilient communities.  Want to learn more about how we're empowering rural Japan to become a global leader in innovation?  Join us at #inakaLABS! #ruraljapan #innovation #sustainability #smartcities #greeneconomy #digitalization #futureofwork #japan #EU",Tired of the same old Japan studies? SJSF is pushing the boundaries with a focus on digitalization and green economy -  join the conversation and learn how Japan is leading the way! #Japan #Digitalization #GreenEconomy #SJSF #inakaLABS
"green technology,innovation",smart cities,Techno Sko -,https://technosko.com/,https://technosko.com/,5 days ago ... The Best Car Gadgets for 2024: Innovations in Driving Technology ... How Japan's Smart Cities are Shaping the Future of Urban Gadgets ¬∑ The Best¬†...,,2024-09-30 16:22:34,"Techno Sko is highlighting the latest car gadgets and how Japan's smart cities are leading the way in urban tech. While these innovations are exciting, we at Inaka LABS believe the real future lies in empowering rural communities with technology. We're not just about gadgets, we're about building sustainable, thriving ecosystems in rural Japan. Imagine a future where innovative startups are born in rural areas, leveraging technology to solve local challenges and create new opportunities. Join us in this revolution by connecting with Inaka LABS and exploring the potential of rural Japan! #ruralinnovation #techforgood #japanfuture #inakaLABS","Tired of the same old car gadgets?  Techno Sko is bringing the future of driving to rural Japan, and you can be a part of it!  Join the #inakaLABS movement and let's revolutionize rural mobility!  #ruraltech #japaninnovation #futureofdriving"
"green technology,innovation",smart cities,Achievements in International Conferences | Congr√®s,https://www.congre.com/en/solution/achievements_online/,https://www.congre.com/en/solution/achievements_online/,"5 days ago ... Ministry of Education, Culture, Sports, Science and Technology, Japan Aerospace Exploration Agency (JAXA) ... ASEAN-Japan Smart Cities Network High Level Meeting¬†...",,2024-09-30 16:22:44,"Inaka LABS is proud to share that our team recently participated in the ASEAN-Japan Smart Cities Network High Level Meeting, showcasing our innovative approach to rural revitalization through technology and entrepreneurship. While many focus on urban development, we believe the future of Japan lies in empowering rural communities with the tools and resources to thrive. Our unique model fosters collaboration between local stakeholders, entrepreneurs, and technology experts, creating a sustainable ecosystem for growth and innovation. We invite you to join us in building a brighter future for rural Japan! #ruraldevelopment #japaninnovation #smartcities #entrepreneurship #inakaLABS",Tired of the same old conferences?  Inaka LABS is shaking things up by connecting rural innovation with global impact!  Follow us to see how we're changing the game. #ruralinnovation #japan #tech #entrepreneurship #inakaLABS
"green technology,innovation",smart cities,The Best Gadgets from Japan's Leading Tech Giants in 2024 ...,https://technosko.com/the-best-gadgets-from-japans-leading-tech-giants-in-2024/,https://technosko.com/the-best-gadgets-from-japans-leading-tech-giants-in-...,5 days ago ... The Best Car Gadgets for 2024: Innovations in Driving Technology ¬∑ How ... How Japan's Smart Cities are Shaping the Future of Urban Gadgets ¬∑ The Best¬†...,2024-09-25T17:56:31+00:00,2024-09-30 16:22:55,"Japan's tech giants are constantly pushing the boundaries of innovation, and 2024 is no exception! From cutting-edge car gadgets to smart city solutions, the latest tech coming out of Japan is truly impressive. But here's the thing: while these gadgets are cool, they often focus on urban needs. At Inaka LABS, we're flipping the script. We're harnessing the power of technology to revitalize rural Japan, creating startup hubs that foster innovation and entrepreneurship in these often overlooked communities.  We believe that the future of tech lies in empowering rural areas, not just urban centers. Want to learn more about how we're building a more sustainable and diverse future for Japan? Join us on this exciting journey! #ruralinnovation #japanesestartups #futureoftech #inakaLABS","Tired of the same old tech? Japan's got something new and exciting, and it's not just about phones!  Check out these innovative gadgets from the land of the rising sun and see what the future of tech looks like. #JapanTech #Gadgets #Innovation #inakaLAB"
"green technology,innovation",circular economy,METI releases the Cabinet decision on the 6th Strategic Energy Plan ...,https://enviliance.com/regions/east-asia/jp/report_4645,https://enviliance.com/regions/east-asia/jp/report_4645,3 days ago ... METI releases the Cabinet decision on the 6th Strategic Energy Plan. Japan Circular Economy Energy Climate Change Environmental Management 5 November 2021¬†...,,2024-09-30 16:23:06,"Japan's 6th Strategic Energy Plan is out, outlining the country's energy future. It's a big deal, but here's the thing:  we at Inaka LABS believe that true energy innovation happens at the local level.  By empowering rural communities with technology and entrepreneurial support, we can unlock a new wave of sustainable energy solutions, not just for Japan, but for the world.  Ready to be part of the change?  Join us and help build a future where rural Japan leads the way in sustainable energy! #energyinnovation #ruraldevelopment #japan #sustainability #inakaLABS",Tired of the same old energy plans? We're building a future where rural Japan leads the way with sustainable innovation! Join the #inakaLABS movement and help us build a brighter future for all. #energy #sustainability #ruraljapan
"green technology,innovation",circular economy,Tokyo ‚Äî Nordic Innovation House,https://www.nordicinnovationhouse.com/tokyo,https://www.nordicinnovationhouse.com/tokyo,5 days ago ... ... Nordic Talks Japan: Circular Economy and the Textile Industry - The Case of¬†...,,2024-09-30 16:23:17,"The Nordic Innovation House in Tokyo is hosting a fascinating event, ""Nordic Talks Japan: Circular Economy and the Textile Industry - The Case of...""  This event highlights the innovative approaches to sustainability that are being developed in the Nordic region, particularly in the textile industry.  While many focus on urban centers for innovation, Inaka LABS believes that rural Japan is a perfect breeding ground for sustainable solutions. Our focus on rural startup hubs empowers local communities to develop innovative solutions to global challenges, like circular economy models, while revitalizing rural economies.  Join us in building a future where rural Japan is at the forefront of sustainable innovation! #circularEconomy #textileIndustry #ruralInnovation #japan #sustainability #inakaLABS",Tired of the same old Tokyo tech scene?  Dive into the future of sustainable innovation at the Nordic Innovation House!  #CircularEconomy #TextileIndustry #NordicInnovation #inakaLABS
green energy,decarbonization,Climate Transition Bonds Show Japan's Commitment to Carbon ...,https://www.japan.go.jp/kizuna/2024/09/climate_transition_bonds.html,https://www.japan.go.jp/kizuna/2024/09/climate_transition_bonds.html,"4 days ago ... The international response has been quite positive so far, not merely on account of the elevated transparency in Japan's decarbonization efforts but also¬†...",,2024-09-30 16:23:28,"Japan's recent issuance of Climate Transition Bonds is a significant step towards achieving its ambitious decarbonization goals. This innovative approach not only demonstrates Japan's commitment to environmental sustainability but also provides a transparent framework for investors to participate in the transition to a low-carbon economy.  At Inaka LABS, we believe this is a game-changer for rural Japan, where sustainable practices are already deeply ingrained. We envision a future where rural communities become hubs for green innovation, leveraging their natural resources and traditional knowledge to lead the way in climate action.  Join us in building a greener, more resilient future for Japan! #ClimateAction #GreenFinance #RuralInnovation #inakaLABS","Forget greenwashing, Japan's Climate Transition Bonds are the real deal!  Let's invest in a sustainable future for rural Japan! #ClimateAction #GreenFinance #RuralInnovation #inakaLABS"
green energy,decarbonization,Japan CCUS Summit 2024 | LinkedIn,https://jp.linkedin.com/company/ccus-japan,https://jp.linkedin.com/company/ccus-japan,5 days ago ... ... energy security and economic growth. The Japanese Government aims to ... Japan #Decarbonization #APAC #Netzero #CCS. „Åì„ÅÆÁîªÂÉè„Å´„ÅØ‰ª£Êõø„ÉÜ„Ç≠„Çπ„Éà„ÅÆË™¨Êòé„Åå¬†...,,2024-09-30 16:23:39,"The Japan CCUS Summit 2024 is a major event focusing on carbon capture, utilization, and storage (CCUS) technologies, highlighting their crucial role in achieving Japan's ambitious decarbonization goals.  While the summit is a positive step, we at Inaka LABS believe that true innovation lies in harnessing the power of rural communities. By establishing rural startup hubs, we can empower local entrepreneurs to develop sustainable solutions that address the unique challenges of their regions, contributing to a more diversified and resilient economy.  Join us in building a future where rural Japan thrives as a hub for green innovation! #Japan #CCUS #Decarbonization #APAC #Netzero #CCS #ruraldevelopment #innovation #entrepreneurship #inakaLABS","Forget carbon capture, let's talk about carbon creation!  Rural Japan is ripe for green innovation, and #inakaLABS is leading the charge. Join the conversation and see how we're building a sustainable future, one rural startup at a time! #Japan #Decarbon"
green energy,decarbonization,CLIMATE TRANSITION BONDS,https://www.japan.go.jp/kizuna/_userdata/pdf/2024/09/climate_transition_bonds.pdf,https://www.japan.go.jp/kizuna/_userdata/.../climate_transition_bonds.pdf,3 days ago ... elevated transparency in Japan's decarbonization efforts but also because of the sophistication of the framework itself. I further believe that the program¬†...,,2024-09-30 16:23:50,"Japan is taking a bold step towards a greener future with the launch of Climate Transition Bonds! These bonds are designed to raise capital for climate-friendly projects, promoting transparency and accountability in the country's decarbonization efforts.  At Inaka LABS, we're excited about this initiative because it aligns perfectly with our mission to empower rural communities with innovative solutions. We believe that these bonds can be a powerful tool for driving sustainable development in rural areas, fostering local innovation and creating new economic opportunities.  Join us in supporting this exciting initiative and explore how you can be part of the green revolution! #ClimateAction #GreenBonds #SustainableFinance #Japan #Decarbonization #inakaLABS","Forget carbon offsets, Japan's Climate Transition Bonds are the real deal for sustainable investing!  Join the movement and invest in a greener future. #ClimateAction #GreenFinance #Sustainability #inakaLABS"
green energy,decarbonization,DAS Solar Debuts Innovative Lightweight Modules at Japan New ...,https://www.pv-magazine.com/press-releases/das-solar-debuts-innovative-lightweight-modules-at-japan-new-product-launch-event/,https://www.pv-magazine.com/.../das-solar-debuts-innovative-lightweight-...,"6 days ago ... ... energy saving and emission reduction, contributing to Japan's decarbonization goals. In that context, DAS Solar's new lightweight modules draw considerable¬†...",,2024-09-30 16:24:00,"DAS Solar just unveiled innovative lightweight solar modules at Japan New Energy Week, aiming to boost renewable energy adoption and contribute to Japan's decarbonization goals.  While other companies focus on efficiency, DAS Solar is taking a unique approach by prioritizing lightweight design, making installation easier and more cost-effective, especially in challenging rural environments. This is a game-changer for rural communities looking to embrace solar power, and we at Inaka LABS are excited to see how this technology can empower rural entrepreneurship and sustainable development.  Learn more about DAS Solar's innovative modules and how they can benefit your community! #solarpower #renewableenergy #decarbonization #japan #innovation #ruraldevelopment #inakaLABS","Forget bulky solar panels, DAS Solar's lightweight modules are the future of clean energy in Japan!  Check out their innovative tech and see how they're making a difference. #SolarInnovation #Decarbonization #JapanTech #inakaLABS"
green energy,decarbonization,Estelle David - Business France | LinkedIn,https://th.linkedin.com/in/estelle-david-1756bb15/en,https://th.linkedin.com/in/estelle-david-1756bb15/en,"4 days ago ... Specialties: Business Development in Asia in transport, energy, environment, industry and construction ¬∑ Experience: Business France ¬∑ Location: Bangkok¬†...",,2024-09-30 16:24:11,"Estelle David, a Business France expert based in Bangkok, is making waves in the Asian market, specializing in business development across various sectors like transport, energy, environment, industry, and construction. This is fantastic news for anyone looking to expand their business into Asia, but we at Inaka LABS believe there's a whole other untapped market waiting to be explored: rural Japan.  Imagine the potential for innovation and growth if we could leverage the unique strengths of rural communities and connect them with the global market.  Ready to be a part of this exciting journey?  Join us at Inaka LABS and help us build a brighter future for rural Japan! #ruraljapan #innovation #entrepreneurship #startup #japan #future #economicdevelopment #inakaLABS",Tired of the same old development strategies?  Let's talk about how rural Japan can leverage its unique strengths to become a global leader in sustainable innovation!  #ruraljapan #startup #innovation #futureofwork #inakaLABS
green energy,decarbonization,Energy ManagementÔΩúNikken Sekkei Research Institute,https://www.nikken-ri.com/en/services/em.html,https://www.nikken-ri.com/en/services/em.html,"6 days ago ... ... energy diagnosis to identify wasteful energy consumption in buildings and propose solutions. ... To achieve Japan's decarbonization goals, the national government¬†...",,2024-09-30 16:24:21,"Nikken Sekkei Research Institute is highlighting the critical role of energy diagnosis in achieving Japan's decarbonization goals. They're focusing on identifying wasteful energy consumption in buildings and proposing solutions.  At Inaka LABS, we're taking this a step further by empowering rural communities to become energy-independent through innovative, locally-sourced solutions. We believe that by integrating renewable energy sources and smart grid technologies into rural infrastructure, we can not only reduce carbon emissions but also create new economic opportunities in these areas.  Join us in building a sustainable future for rural Japan! #energymanagement #decarbonization #ruraldevelopment #renewableenergy #inakaLABS","Tired of the same old energy efficiency solutions?  Nikken Sekkei Research Institute is taking a data-driven approach to energy management, helping businesses unlock real savings and contribute to Japan's decarbonization goals.  Learn more and join the energy revolution! #energyefficiency #decarbonization #innovation"
green energy,decarbonization,kyuden group - integrated report 2024,https://www.kyuden.co.jp/var/rev0/0562/3825/en_integratedreport_2024.pdf,https://www.kyuden.co.jp/var/rev0/0562/.../en_integratedreport_2024.pdf,5 days ago ... Japan's decarbonization from Kyushu as an industry leader in carbon reduction or decarbonization efforts. ... green energy company that can unlock the¬†...,,2024-09-30 16:24:32,"Kyuden Group's Integrated Report 2024 highlights their commitment to Japan's decarbonization efforts, positioning themselves as an industry leader in green energy. They're aiming to unlock the potential of renewable energy sources to create a sustainable future.  Here at Inaka LABS, we believe in empowering rural communities to lead the charge in this green revolution. Our approach focuses on fostering local innovation and entrepreneurship, creating a network of rural startup hubs that can drive sustainable development across Japan.  Join us in building a future where rural areas thrive, powered by clean energy and fueled by entrepreneurial spirit! #decarbonization #renewableenergy #ruralinnovation #japan #greenenergy #inakaLABS","Tired of the same old ""greenwashing"" from big corporations? Kyuden Group is actually walking the walk in Japan's decarbonization efforts - check out their 2024 Integrated Report and see how they're leading the charge! #decarbonization #renewableenergy #KyudenGroup"
green energy,decarbonization,‡∏™‡∏°‡∏≤‡∏Ñ‡∏°‡∏™‡πà‡∏á‡πÄ‡∏™‡∏£‡∏¥‡∏°‡πÄ‡∏ó‡∏Ñ‡πÇ‡∏ô‡πÇ‡∏•‡∏¢‡∏µ (‡πÑ‡∏ó‡∏¢-‡∏ç‡∏µ‡πà‡∏õ‡∏∏‡πà‡∏ô) | Bangkok,https://www.facebook.com/TPA.OR.TH/,https://www.facebook.com/TPA.OR.TH/,5 days ago ... ) ÔºûÔºû ‡∏Å‡∏±‡∏ö‡∏™‡∏±‡∏°‡∏°‡∏ô‡∏≤‚öôÔ∏è PETROLEUM-CHEMICAL-ENERGY PROCESS ... ‡∏Ç‡∏≠‡πÄ‡∏ä‡∏¥‡∏ç‡∏´‡∏ô‡πà‡∏ß‡∏¢‡∏á‡∏≤‡∏ô‡πÅ‡∏•‡∏∞‡∏ö‡∏∏‡∏Ñ‡∏Ñ‡∏•‡∏ó‡∏µ‡πà‡∏™‡∏ô‡πÉ‡∏à ‚ôªÔ∏è ‡πÄ‡∏Ç‡πâ‡∏≤‡∏£‡πà‡∏ß‡∏°‡∏™‡πà‡∏á‡∏ú‡∏•‡∏á‡∏≤‡∏ô‡∏õ‡∏£‡∏∞‡∏Å‡∏ß‡∏î‡∏£‡∏≤‡∏á‡∏ß‡∏±‡∏•‡πÉ‡∏ô‡πÇ‡∏Ñ‡∏£‡∏á‡∏Å‡∏≤‡∏£ ‚ÄúThailand-Japan Decarbonization¬†...,,2024-09-30 16:24:43,"The Thailand-Japan Technology Promotion Association is hosting a seminar on petroleum, chemical, and energy processes, with a focus on decarbonization. They're also inviting submissions for an award competition on the same topic. This is a fantastic opportunity for businesses and individuals to learn about cutting-edge technology and contribute to a more sustainable future. At Inaka LABS, we believe that rural communities can play a vital role in this transition by leveraging their unique resources and fostering innovation. We're excited to see how this collaboration between Thailand and Japan can inspire new solutions for a greener future. Let's work together to build a more sustainable and prosperous world! #decarbonization #sustainability #innovation #ruraldevelopment #inakaLABS",Tired of the same old tech conferences? ü§Ø  Join the Thailand-Japan Decarbonization Awards and be part of the future of sustainable innovation! üå±  Submit your entries now! #ThailandJapan #Decarbonization #Sustainability #inakaLABS
foreign entrepreneurs,global workforce,urgent Jobs in Japan For Foreigners With Visa Sponsorship 2024 ...,https://jobectech.com/jobs/jobs-in-japan-for-foreigners-with-visa-sponsorship/,https://jobectech.com/.../jobs-in-japan-for-foreigners-with-visa-sponsorship/,4 days ago ... ... foreign professionals can unlock a world of possibilities and contribute to Japan's global workforce. You Might Also Like: Health Care Jobs In Canada¬†...,,2024-09-30 16:24:55,"Finding a job in Japan with visa sponsorship can be a real challenge, especially for foreigners. This article highlights the urgency for companies to offer visa sponsorship to attract international talent. But here‚Äôs the thing: Inaka LABS is not just about attracting foreign talent to Japan, it‚Äôs about attracting talent to rural Japan. We believe that by creating thriving startup hubs in rural areas, we can offer a unique and fulfilling experience for both foreign and domestic entrepreneurs. Imagine working on cutting-edge technology while enjoying the peace and beauty of the Japanese countryside!  If you‚Äôre a foreign professional looking for a new adventure, or a Japanese entrepreneur seeking a fresh perspective, consider joining us at Inaka LABS.  Let‚Äôs build a future where rural Japan thrives with innovation and global collaboration! #ruraljapan #startup #innovation #entrepreneurship #japan #globaltalent #inakaLABS",Tired of the same old job search? ü§Ø  Get your foot in the door in Japan with visa sponsorship! üáØüáµ  Check out these urgent opportunities and make your mark on the global workforce! #JapanJobs #VisaSponsorship #ForeignersInJapan #inakaLABS
foreign entrepreneurs,immigration policy,Visa Application & Renewal Services in Japan | RSM Shiodome ...,https://www.rsm.global/japan/shiodome/en/services/global-mobility/visa-application,https://www.rsm.global/japan/shiodome/en/services/global.../visa-applicatio...,"6 days ago ... In recent years, Japan's immigration policy has been trying to manage the ... Remote Work Dynamics in Japan: Insights for Foreign Enterprises¬†...",2024-08-08T15:39:34+09:00,2024-09-30 16:25:06,"Japan's immigration policy is evolving, but navigating the visa process can still be a challenge.  RSM Shiodome offers comprehensive visa application and renewal services, recognizing the complexities of Japan's system.  At Inaka LABS, we believe that attracting talent and fostering innovation requires a streamlined and welcoming immigration process.  We're actively working with local communities to create a more accessible environment for entrepreneurs and remote workers, making Japan a truly global hub for innovation.  Join us in building a future where rural Japan thrives on talent and opportunity! #immigration #japan #innovation #ruraldevelopment #startup #remotework #inakaLABS","Tired of the bureaucratic nightmare of visa applications in Japan? We're making it easier for you to live, work, and thrive in rural Japan!  Join us and let's build a future where immigration is a seamless process. #JapanVisa #RuralJapan #ImmigrationReform #inakaLAB"
foreign entrepreneurs,immigration policy,How would our country deal with an ‚Äúaging population‚Äù if our birth ...,https://www.reddit.com/r/Philippines/comments/1fnwk0x/how_would_our_country_deal_with_an_aging/,https://www.reddit.com/r/.../how_would_our_country_deal_with_an_aging...,7 days ago ... ... business a reality and letting foreign investments in with minimal restrictions. ... Would the developed world be better off adopting Japan's immigration policy?,,2024-09-30 16:25:16,"Japan's aging population is a pressing issue, and the article explores how the country could address it by promoting entrepreneurship and attracting foreign investment. The author suggests that Japan's restrictive immigration policy might be hindering its ability to attract talent and capital.  We at Inaka LABS believe that a more open and welcoming approach to immigration, coupled with the development of rural startup hubs, can unlock the potential of rural Japan and contribute to a more sustainable future.  By fostering innovation and entrepreneurship in rural areas, we can attract young talent and create new opportunities, ultimately addressing the challenges of an aging population.  Join us in building a future where rural Japan thrives! #agingpopulation #ruraldevelopment #immigration #entrepreneurship #innovation #inakaLABS","Forget ""aging population,"" Japan's immigration policy is a blueprint for a future where innovation thrives, not just survives! Let's ditch the outdated model and embrace a future where talent knows no borders. #Japan #immigration #innovation #inakaLABS"
foreign entrepreneurs,immigration policy,Why did citizens supported industrial policies in Japan? | 4 Answers ...,https://typeset.io/questions/why-did-citizens-supported-industrial-policies-in-japan-4vbtlgpgv8,https://typeset.io/.../why-did-citizens-supported-industrial-policies-in-japan-...,"2 days ago ... Japan's immigration policy has been gradually opening up to a more diverse labor market, including measures to allow foreign citizens to access the Japanese¬†...",,2024-09-30 16:25:27,"Japan's industrial policies have historically been successful, but why did citizens support them?  The answer lies in a combination of factors, including a focus on national development, a strong sense of community, and a belief in the government's ability to guide economic growth.  At Inaka LABS, we believe that this same spirit of collaboration and community can be harnessed to revitalize rural Japan.  Our approach focuses on empowering local communities to drive innovation and entrepreneurship, creating a more sustainable and equitable future for all.  Join us in building a brighter future for rural Japan!  #ruraldevelopment #japan #innovation #entrepreneurship #inakaLABS","Tired of the same old ""Japan is closed off"" narrative?  Let's talk about the real reasons citizens supported industrial policies, and how that impacts Japan's future!  #Japan #Economics #Innovation #inakaLABS"
